[{"time":"2h 30m","type":"bookmarked","level":"Advanced","price":3000,"author":"Taruna Sharma","rating":"5","subject":"Computer Science","courseName":"Learning advanced HTML","university":"Cambridge University","studentsEnrolled":200000},{"time":"2h 40m","type":"bookmarked","level":"Intermediate","price":5500,"author":"Anuj Pandey","rating":"4","subject":"Computer Science","courseName":"You don't know JS","university":"Indian Institute of Technology","studentsEnrolled":200000},{"time":"1h 50m","type":"bookmarked","level":"Intermediate","price":6000,"author":"Kunal Shah","rating":"3","subject":"Computer Science","courseName":"NodeJS Tutorial","university":"University of Torento","studentsEnrolled":600000},{"time":"1h 20m","type":"bookmarked","level":"Intermediate","price":5700,"author":"Simran Patwa","rating":"1","subject":"English","courseName":"Written English","university":"University of toronto","studentsEnrolled":5000000},{"time":"2h 30m","type":"learning","level":"Beginner","price":5000,"author":"Kylie Simson","rating":"4","subject":"Computer Science","courseName":"HTML Tutorial","university":"University of toronto","studentsEnrolled":3000000},{"time":"2h 30m","type":"learning","level":"Advanced","price":3000,"author":"Taruna Sharma","rating":"5","subject":"Computer Science","courseName":"Learning advanced HTML","university":"Cambridge University","studentsEnrolled":200000},{"time":"2h 50m","type":"learning","level":"Advanced","price":4500,"author":"Vartika Jha","rating":"4","subject":"Computer Science","courseName":"Complete Web Developer","university":"University of toronto","studentsEnrolled":300000},{"time":"3h 30m","type":"learning","level":"Intermediate","price":5500,"author":"Anuj Pandey","rating":"4","subject":"Computer Science","courseName":"You don't know JS","university":"Indian Institute of Technology","studentsEnrolled":200000}]